{
  "accuracy": 0.7922077922077922,
  "precision": 0.7619047619047619,
  "recall": 0.5925925925925926,
  "f1": 0.6666666666666666,
  "roc_auc": 0.845,
  "esik": 0.47017833304301065,
  "confusion_matrix": {
    "labels": [
      0,
      1
    ],
    "matris": [
      [
        90,
        10
      ],
      [
        22,
        32
      ]
    ],
    "tn": 90,
    "fp": 10,
    "fn": 22,
    "tp": 32
  }
}