{
  "accuracy": 0.9392523364485982,
  "precision": 0.943127962085308,
  "recall": 0.9342723004694836,
  "sensitivity": 0.9342723004694836,
  "specificity": 0.9441860465116279,
  "f1": 0.9386792452830188,
  "roc_auc": 0.9860246751828803,
  "balanced_accuracy": 0.9392291734905558,
  "mcc": 0.8785350866651979,
  "brier": 0.04589904997296672,
  "threshold": 0.45,
  "confusion_matrix": {
    "tn": 203,
    "fp": 12,
    "fn": 14,
    "tp": 199,
    "matrix": [
      [
        203,
        12
      ],
      [
        14,
        199
      ]
    ]
  },
  "ana_metrik_minimumu": 0.9342723004694836
}