{
  "accuracy": 0.995,
  "precision": 1.0,
  "recall": 0.99,
  "sensitivity": 0.99,
  "specificity": 1.0,
  "f1": 0.9949748743718593,
  "roc_auc": 1.0,
  "balanced_accuracy": 0.995,
  "brier": 0.015970739795918367,
  "mcc": 0.9900495037128093,
  "esik": 0.5885714285714285,
  "confusion_matrix": {
    "labels": [
      0,
      1
    ],
    "matris": [
      [
        200,
        0
      ],
      [
        2,
        198
      ]
    ],
    "tn": 200,
    "fp": 0,
    "fn": 2,
    "tp": 198
  },
  "ana_metrik_minimumu": 0.99
}