{
  "mod": "quick",
  "olusturulma_zamani_utc": "2026-04-24T08:26:01.286062+00:00",
  "veri_butunlugu_baslangic": {
    "dosya": "/Users/beratkaanseven/Desktop/VSCoding/Diyabet_Projesi_ML_Deneme/diyabet_risk_tahmini/makine_ogrenmesi/veri/ham/diabetes.csv",
    "sha256": "3c7023e0935097ac63e03c6f398928b6dfce30974d5591d3af09a9661876d9fe",
    "satir_sayisi": 768,
    "kolon_sayisi": 9,
    "sinif_dagilimi": {
      "0": 500,
      "1": 268
    }
  },
  "en_iyi_model": {
    "mod": "quick",
    "cv_adi": "stratified_5fold+dar_grid",
    "model_adi": "stacking_grid_refined",
    "en_iyi_parametreler": {
      "final_estimator__C": 0.3
    },
    "cv_metrikleri": {
      "accuracy": 0.7784352925496468,
      "precision": 0.7220732896136122,
      "recall": 0.6120708748615725,
      "f1": 0.6598524952499127,
      "roc_auc": 0.8514562569213734
    },
    "holdout_metrikleri": {
      "accuracy": 0.7142857142857143,
      "precision": 0.6,
      "recall": 0.5555555555555556,
      "f1": 0.5769230769230769,
      "roc_auc": 0.8225925925925927,
      "esik": 0.5,
      "confusion_matrix": {
        "labels": [
          0,
          1
        ],
        "matris": [
          [
            80,
            20
          ],
          [
            24,
            30
          ]
        ],
        "tn": 80,
        "fp": 20,
        "fn": 24,
        "tp": 30
      }
    }
  },
  "final_test_metrikleri": {
    "accuracy": 0.7402597402597403,
    "precision": 0.6944444444444444,
    "recall": 0.46296296296296297,
    "f1": 0.5555555555555556,
    "roc_auc": 0.8201851851851851,
    "esik": 0.6525903783748576,
    "confusion_matrix": {
      "labels": [
        0,
        1
      ],
      "matris": [
        [
          89,
          11
        ],
        [
          29,
          25
        ]
      ],
      "tn": 89,
      "fp": 11,
      "fn": 29,
      "tp": 25
    }
  },
  "kalibrasyon_ve_esik": {
    "kalibrasyon": "sigmoid",
    "esik": 0.6525903783748576,
    "validation_accuracy": 0.8051948051948052,
    "validation_f1": 0.6666666666666666,
    "validation_roc_auc": 0.8701851851851852,
    "validation_metrikleri": {
      "accuracy": 0.8051948051948052,
      "precision": 0.8333333333333334,
      "recall": 0.5555555555555556,
      "f1": 0.6666666666666666,
      "roc_auc": 0.8701851851851852,
      "esik": 0.6525903783748576,
      "confusion_matrix": {
        "labels": [
          0,
          1
        ],
        "matris": [
          [
            94,
            6
          ],
          [
            24,
            30
          ]
        ],
        "tn": 94,
        "fp": 6,
        "fn": 24,
        "tp": 30
      }
    }
  },
  "grid_refinement": {
    "calisti": true,
    "model_adi": "stacking",
    "param_grid": {
      "final_estimator__C": [
        0.3
      ]
    },
    "cv_metrikleri": {
      "accuracy": 0.7784352925496468,
      "precision": 0.7220732896136122,
      "recall": 0.6120708748615725,
      "f1": 0.6598524952499127,
      "roc_auc": 0.8514562569213734
    }
  },
  "tum_model_sonuclari": [
    {
      "mod": "quick",
      "cv_adi": "stratified_5fold",
      "model_adi": "stacking",
      "en_iyi_parametreler": {
        "final_estimator__C": 0.3
      },
      "cv_metrikleri": {
        "accuracy": 0.7784352925496468,
        "precision": 0.7220732896136122,
        "recall": 0.6120708748615725,
        "f1": 0.6598524952499127,
        "roc_auc": 0.8514562569213734
      },
      "holdout_metrikleri": {
        "accuracy": 0.7142857142857143,
        "precision": 0.6,
        "recall": 0.5555555555555556,
        "f1": 0.5769230769230769,
        "roc_auc": 0.8225925925925927,
        "esik": 0.5,
        "confusion_matrix": {
          "labels": [
            0,
            1
          ],
          "matris": [
            [
              80,
              20
            ],
            [
              24,
              30
            ]
          ],
          "tn": 80,
          "fp": 20,
          "fn": 24,
          "tp": 30
        }
      }
    },
    {
      "mod": "quick",
      "cv_adi": "stratified_5fold+dar_grid",
      "model_adi": "stacking_grid_refined",
      "en_iyi_parametreler": {
        "final_estimator__C": 0.3
      },
      "cv_metrikleri": {
        "accuracy": 0.7784352925496468,
        "precision": 0.7220732896136122,
        "recall": 0.6120708748615725,
        "f1": 0.6598524952499127,
        "roc_auc": 0.8514562569213734
      },
      "holdout_metrikleri": {
        "accuracy": 0.7142857142857143,
        "precision": 0.6,
        "recall": 0.5555555555555556,
        "f1": 0.5769230769230769,
        "roc_auc": 0.8225925925925927,
        "esik": 0.5,
        "confusion_matrix": {
          "labels": [
            0,
            1
          ],
          "matris": [
            [
              80,
              20
            ],
            [
              24,
              30
            ]
          ],
          "tn": 80,
          "fp": 20,
          "fn": 24,
          "tp": 30
        }
      }
    },
    {
      "mod": "quick",
      "cv_adi": "stratified_5fold",
      "model_adi": "extra_trees",
      "en_iyi_parametreler": {
        "sifir__strategy": "nan",
        "ozellik__strategy": "full",
        "model__n_estimators": 900,
        "model__min_samples_leaf": 8,
        "model__max_features": "log2",
        "model__max_depth": 8,
        "model__class_weight": null,
        "imputer": "KNNImputer(n_neighbors=3)"
      },
      "cv_metrikleri": {
        "accuracy": 0.7768759163001466,
        "precision": 0.7337384416132045,
        "recall": 0.5702104097452935,
        "f1": 0.6410083929071271,
        "roc_auc": 0.845797342192691
      },
      "holdout_metrikleri": {
        "accuracy": 0.7272727272727273,
        "precision": 0.6428571428571429,
        "recall": 0.5,
        "f1": 0.5625,
        "roc_auc": 0.8201851851851851,
        "esik": 0.5,
        "confusion_matrix": {
          "labels": [
            0,
            1
          ],
          "matris": [
            [
              85,
              15
            ],
            [
              27,
              27
            ]
          ],
          "tn": 85,
          "fp": 15,
          "fn": 27,
          "tp": 27
        }
      }
    },
    {
      "mod": "quick",
      "cv_adi": "stratified_5fold",
      "model_adi": "random_forest",
      "en_iyi_parametreler": {
        "sifir__strategy": "nan",
        "ozellik__strategy": "full",
        "model__n_estimators": 700,
        "model__min_samples_leaf": 8,
        "model__max_features": "log2",
        "model__max_depth": 8,
        "model__class_weight": null,
        "imputer": "KNNImputer(n_neighbors=3)"
      },
      "cv_metrikleri": {
        "accuracy": 0.7703585232573638,
        "precision": 0.7137962559333527,
        "recall": 0.5748615725359911,
        "f1": 0.6358627858627858,
        "roc_auc": 0.8364908637873756
      },
      "holdout_metrikleri": {
        "accuracy": 0.7467532467532467,
        "precision": 0.6530612244897959,
        "recall": 0.5925925925925926,
        "f1": 0.6213592233009708,
        "roc_auc": 0.8183333333333334,
        "esik": 0.5,
        "confusion_matrix": {
          "labels": [
            0,
            1
          ],
          "matris": [
            [
              83,
              17
            ],
            [
              22,
              32
            ]
          ],
          "tn": 83,
          "fp": 17,
          "fn": 22,
          "tp": 32
        }
      }
    },
    {
      "mod": "quick",
      "cv_adi": "stratified_5fold",
      "model_adi": "gradient_boosting",
      "en_iyi_parametreler": {
        "sifir__strategy": "nan",
        "ozellik__strategy": "full",
        "model__subsample": 1.0,
        "model__n_estimators": 200,
        "model__min_samples_leaf": 6,
        "model__max_depth": 1,
        "model__learning_rate": 0.1,
        "imputer": "KNNImputer(n_neighbors=3)"
      },