{
  "created_at_utc": "2026-04-30T11:18:43.298845+00:00",
  "final": {
    "status": "completed",
    "dataset_name": "cons500_s0p16_very_low_p0p25_m0p2_b0p0_r28",
    "target_per_class": 500,
    "model": "extra_trees",
    "feature_set": "no_skinthickness",
    "preprocessing": "tree_models_no_scaler",
    "resampling": "class_weight=balanced",
    "default_threshold_metrics": {
      "accuracy": 0.8272727272727273,
      "precision": 0.9186046511627907,
      "recall": 0.7181818181818181,
      "sensitivity": 0.7181818181818181,
      "specificity": 0.9363636363636364,
      "f1": 0.8061224489795918,
      "roc_auc": 0.9346280991735537,
      "balanced_accuracy": 0.8272727272727273,
      "mcc": 0.6707039616959488,
      "brier": 0.13025558095750406,
      "threshold": 0.5,
      "confusion_matrix": {
        "tn": 103,
        "fp": 7,
        "fn": 31,
        "tp": 79,
        "matrix": [
          [
            103,
            7
          ],
          [
            31,
            79
          ]
        ]
      },
      "ana_metrik_minimumu": 0.7181818181818181
    },
    "tuned_threshold_metrics": {
      "accuracy": 0.8909090909090909,
      "precision": 0.8771929824561403,
      "recall": 0.9090909090909091,
      "sensitivity": 0.9090909090909091,
      "specificity": 0.8727272727272727,
      "f1": 0.8928571428571429,
      "roc_auc": 0.9346280991735537,
      "balanced_accuracy": 0.8909090909090909,
      "mcc": 0.7823355995993853,
      "brier": 0.13025558095750406,
      "threshold": 0.42,
      "confusion_matrix": {
        "tn": 96,
        "fp": 14,
        "fn": 10,
        "tp": 100,
        "matrix": [
          [
            96,
            14
          ],
          [
            10,
            100
          ]
        ]
      },
      "ana_metrik_minimumu": 0.8727272727272727
    },
    "threshold_report": {
      "default_threshold": 0.5,
      "default_min_main_metric": 0.6621621621621622,
      "selected_threshold": 0.42,
      "tuned_min_main_metric": 0.7432432432432432,
      "selected_validation_metrics": {
        "accuracy": 0.7432432432432432,
        "precision": 0.7432432432432432,
        "recall": 0.7432432432432432,
        "sensitivity": 0.7432432432432432,
        "specificity": 0.7432432432432432,
        "f1": 0.7432432432432432,
        "roc_auc": 0.8541818845872899,
        "balanced_accuracy": 0.7432432432432432,
        "mcc": 0.4864864864864865,
        "brier": 0.1668522109387494,
        "threshold": 0.42,
        "confusion_matrix": {
          "tn": 55,
          "fp": 19,
          "fn": 19,
          "tp": 55,
          "matrix": [
            [
              55,
              19
            ],
            [
              19,
              55
            ]
          ]
        },
        "ana_metrik_minimumu": 0.7432432432432432
      }
    },
    "split": {
      "method": "GroupShuffleSplit(source_id)",
      "train_rows": 780,
      "test_rows": 220,
      "train_source_families": 491,
      "test_source_families": 123,
      "train_class_distribution": {
        "0": 390,
        "1": 390
      },
      "test_class_distribution": {
        "0": 110,
        "1": 110
      }
    },
    "leakage": {
      "train_test_source_intersection_count": 0,
      "exact_duplicate_count": 0,
      "near_duplicate_rate": 0.0,
      "minimum_near_duplicate_distance": 0.4060737334190814,
      "near_duplicate_threshold": 0.02
    },
    "selection_score_pre_cv": 0.9835849710254779,
    "selection_score": -0.03090618239819357,
    "selection_flags": {
      "accuracy_not_below_500": false,
      "min_main_not_below_500": false,
      "group_cv_not_below_500": false,
      "computed_cohens_below_reported_500": true,
      "shift_below_reported_500": true
    }
  },
  "final_cv": {
    "dataset_name": "cons500_s0p16_very_low_p0p25_m0p2_b0p0_r28",
    "model": "extra_trees",
    "feature_set": "no_skinthickness",
    "preprocessing": "tree_models_no_scaler",
    "resampling": "class_weight=balanced",
    "cv_method": "StratifiedGroupKFold(n_splits=5, shuffle=True, random_state=42)",
    "folds": [
      {
        "fold": 1,
        "threshold": 0.56,
        "train_rows": 800,
        "test_rows": 200,
        "source_intersection_count": 0,
        "metrics": {
          "accuracy": 0.775,
          "precision": 0.8571428571428571,
          "recall": 0.66,
          "sensitivity": 0.66,
          "specificity": 0.89,
          "f1": 0.7457627118644068,
          "roc_auc": 0.8764500000000001,
          "balanced_accuracy": 0.775,
          "mcc": 0.5651513523856846,
          "brier": 0.1487676775147929,
          "threshold": 0.56,
          "confusion_matrix": {
            "tn": 89,
            "fp": 11,
            "fn": 34,
            "tp": 66,
            "matrix": [
              [
                89,
                11
              ],
              [
                34,
                66
              ]
            ]
          },
          "ana_metrik_minimumu": 0.66
        }
      },
      {
        "fold": 2,
        "threshold": 0.48,
        "train_rows": 800,
        "test_rows": 200,
        "source_intersection_count": 0,
        "metrics": {
          "accuracy": 0.78,
          "precision": 0.78,
          "recall": 0.78,
          "sensitivity": 0.78,
          "specificity": 0.78,
          "f1": 0.78,
          "roc_auc": 0.8654000000000001,
          "balanced_accuracy": 0.78,
          "mcc": 0.56,
          "brier": 0.15253113905325444,
          "threshold": 0.48,
          "confusion_matrix": {
            "tn": 78,
            "fp": 22,
            "fn": 22,
            "tp": 78,
            "matrix": [
              [
                78,
                22
              ],
              [
                22,
                78
              ]
            ]
          },
          "ana_metrik_minimumu": 0.78
        }
      },
      {
        "fold": 3,
        "threshold": 0.46,
        "train_rows": 800,
        "test_rows": 200,
        "source_intersection_count": 0,
        "metrics": {
          "accuracy": 0.805,
          "precision": 0.801980198019802,
          "recall": 0.81,
          "sensitivity": 0.81,
          "specificity": 0.8,
          "f1": 0.8059701492537313,
          "roc_auc": 0.8752500000000001,
          "balanced_accuracy": 0.805,
          "mcc": 0.6100305022876906,
          "brier": 0.14790207100591718,
          "threshold": 0.46,
          "confusion_matrix": {
            "tn": 80,
            "fp": 20,
            "fn": 19,
            "tp": 81,
            "matrix": [
              [
                80,
                20
              ],
              [
                19,
                81
              ]
            ]
          },
          "ana_metrik_minimumu": 0.8
        }
      },
      {
        "fold": 4,
        "threshold": 0.4,
        "train_rows": 800,
        "test_rows": 200,
        "source_intersection_count": 0,
        "metrics": {
          "accuracy": 0.725,
          "precision": 0.7472527472527473,
          "recall": 0.68,
          "sensitivity": 0.68,
          "specificity": 0.77,
          "f1": 0.7120418848167539,
          "roc_auc": 0.83045,
          "balanced_accuracy": 0.7250000000000001,
          "mcc": 0.45183364695495726,
          "brier": 0.18083727810650888,
          "threshold": 0.4,
          "confusion_matrix": {
            "tn": 77,
            "fp": 23,
            "fn": 32,
            "tp": 68,
            "matrix": [
              [
                77,
                23
              ],
              [
                32,
                68
              ]
            ]
          },
          "ana_metrik_minimumu": 0.68
        }
      },
      {
        "fold": 5,
        "threshold": 0.44,
        "train_rows": 800,
        "test_rows": 200,
        "source_intersection_count": 0,
        "metrics": {
          "accuracy": 0.775,
          "precision": 0.7477477477477478,