{
  "created_at_utc": "2026-04-26T00:42:49.830420+00:00",
  "selection_score_formula": "0.40*holdout_min + 0.35*cv_min_mean + 0.10*holdout_auc + 0.10*cv_auc_mean + 0.05*(1-brier)",
  "external_holdout_in_selection_score": false,
  "final": {
    "status": "completed",
    "dataset_name": "controlled_synthetic_2500_per_class_pima",
    "target_per_class": 2500,
    "model": "soft_voting_xgb_lgbm_et",
    "feature_set": "all_features",
    "preprocessing": "tree_models_no_scaler",
    "resampling": "none",
    "default_threshold_metrics": {
      "accuracy": 0.9667318982387475,
      "precision": 0.9667318982387475,
      "recall": 0.9667318982387475,
      "sensitivity": 0.9667318982387475,
      "specificity": 0.9667318982387475,
      "f1": 0.9667318982387475,
      "roc_auc": 0.996189506014453,
      "balanced_accuracy": 0.9667318982387475,
      "mcc": 0.9334637964774951,
      "brier": 0.025347762053460655,
      "threshold": 0.5,
      "confusion_matrix": {
        "tn": 494,
        "fp": 17,
        "fn": 17,
        "tp": 494,
        "matrix": [
          [
            494,
            17
          ],
          [
            17,
            494
          ]
        ]
      },
      "ana_metrik_minimumu": 0.9667318982387475
    },
    "tuned_threshold_metrics": {
      "accuracy": 0.9677103718199609,
      "precision": 0.9686274509803922,
      "recall": 0.9667318982387475,
      "sensitivity": 0.9667318982387475,
      "specificity": 0.9686888454011742,
      "f1": 0.9676787463271302,
      "roc_auc": 0.996189506014453,
      "balanced_accuracy": 0.9677103718199609,
      "mcc": 0.9354225348084421,
      "brier": 0.025347762053460655,
      "threshold": 0.52,
      "confusion_matrix": {
        "tn": 495,
        "fp": 16,
        "fn": 17,
        "tp": 494,
        "matrix": [
          [
            495,
            16
          ],
          [
            17,
            494
          ]
        ]
      },
      "ana_metrik_minimumu": 0.9667318982387475
    },
    "threshold_report": {
      "default_threshold": 0.5,
      "default_min_main_metric": 0.9701897018970189,
      "selected_threshold": 0.52,
      "tuned_min_main_metric": 0.975609756097561,
      "selected_validation_metrics": {
        "accuracy": 0.975609756097561,
        "precision": 0.975609756097561,
        "recall": 0.975609756097561,
        "sensitivity": 0.975609756097561,
        "specificity": 0.975609756097561,
        "f1": 0.975609756097561,
        "roc_auc": 0.9965555482113087,
        "balanced_accuracy": 0.975609756097561,
        "mcc": 0.9512195121951219,
        "brier": 0.021307399992608726,
        "threshold": 0.52,
        "confusion_matrix": {
          "tn": 360,
          "fp": 9,
          "fn": 9,
          "tp": 360,
          "matrix": [
            [
              360,
              9
            ],
            [
              9,
              360
            ]
          ]
        },
        "ana_metrik_minimumu": 0.975609756097561
      }
    },
    "split": {
      "method": "GroupShuffleSplit(source_id)",
      "train_rows": 3978,
      "test_rows": 1022,
      "train_source_families": 491,
      "test_source_families": 123,
      "train_class_distribution": {
        "0": 1989,
        "1": 1989
      },
      "test_class_distribution": {
        "0": 511,
        "1": 511
      }
    },
    "leakage": {
      "train_test_source_intersection_count": 0,
      "exact_duplicate_count": 0,
      "near_duplicate_rate": 0.0,
      "minimum_near_duplicate_distance": 0.16721105173019227,
      "near_duplicate_threshold": 0.02
    },
    "selection_score_pre_cv": 1.0858438935991235,
    "selection_score": 0.9713994579605705,
    "target_hit_holdout": true,
    "target_hit_cv": true
  },
  "final_cv": {
    "dataset_name": "controlled_synthetic_2500_per_class_pima",
    "model": "soft_voting_xgb_lgbm_et",
    "feature_set": "all_features",
    "preprocessing": "tree_models_no_scaler",
    "resampling": "none",
    "cv_method": "StratifiedGroupKFold(n_splits=5, shuffle=True, random_state=42)",
    "folds": [
      {
        "fold": 1,
        "threshold": 0.31,
        "train_rows": 3999,
        "test_rows": 1001,
        "source_intersection_count": 0,
        "metrics": {
          "accuracy": 0.974025974025974,
          "precision": 0.9647749510763209,
          "recall": 0.9840319361277445,
          "sensitivity": 0.9840319361277445,
          "specificity": 0.964,
          "f1": 0.974308300395257,
          "roc_auc": 0.9977005988023951,
          "balanced_accuracy": 0.9740159680638723,
          "mcc": 0.9482401554299729,
          "brier": 0.018170005563600298,
          "threshold": 0.31,
          "confusion_matrix": {
            "tn": 482,
            "fp": 18,
            "fn": 8,
            "tp": 493,
            "matrix": [
              [
                482,
                18
              ],
              [
                8,
                493
              ]
            ]
          },
          "ana_metrik_minimumu": 0.964
        }
      },
      {
        "fold": 2,
        "threshold": 0.46,
        "train_rows": 3999,
        "test_rows": 1001,
        "source_intersection_count": 0,
        "metrics": {
          "accuracy": 0.965034965034965,
          "precision": 0.9623015873015873,
          "recall": 0.9680638722554891,
          "sensitivity": 0.9680638722554891,
          "specificity": 0.962,
          "f1": 0.9651741293532339,
          "roc_auc": 0.9944231536926148,
          "balanced_accuracy": 0.9650319361277445,
          "mcc": 0.9300861500348676,
          "brier": 0.026559506704618485,
          "threshold": 0.46,
          "confusion_matrix": {
            "tn": 481,
            "fp": 19,
            "fn": 16,
            "tp": 485,
            "matrix": [
              [
                481,
                19
              ],
              [
                16,
                485
              ]
            ]
          },
          "ana_metrik_minimumu": 0.962
        }
      },
      {
        "fold": 3,
        "threshold": 0.31,
        "train_rows": 3999,
        "test_rows": 1001,
        "source_intersection_count": 0,
        "metrics": {
          "accuracy": 0.964035964035964,
          "precision": 0.9549902152641878,
          "recall": 0.9740518962075848,
          "sensitivity": 0.9740518962075848,
          "specificity": 0.954,
          "f1": 0.9644268774703557,
          "roc_auc": 0.9955928143712575,
          "balanced_accuracy": 0.9640259481037924,
          "mcc": 0.928255727229406,
          "brier": 0.02609874791989237,
          "threshold": 0.31,
          "confusion_matrix": {
            "tn": 477,
            "fp": 23,
            "fn": 13,
            "tp": 488,
            "matrix": [
              [
                477,
                23
              ],
              [
                13,
                488
              ]
            ]
          },
          "ana_metrik_minimumu": 0.954
        }
      },
      {
        "fold": 4,
        "threshold": 0.6,
        "train_rows": 4003,
        "test_rows": 997,
        "source_intersection_count": 0,
        "metrics": {
          "accuracy": 0.9769307923771314,
          "precision": 0.9817073170731707,
          "recall": 0.971830985915493,
          "sensitivity": 0.971830985915493,
          "specificity": 0.982,
          "f1": 0.9767441860465116,
          "roc_auc": 0.9986317907444668,
          "balanced_accuracy": 0.9769154929577465,
          "mcc": 0.9539077622657534,
          "brier": 0.0149209946568036,
          "threshold": 0.6,
          "confusion_matrix": {
            "tn": 491,
            "fp": 9,
            "fn": 14,
            "tp": 483,
            "matrix": [
              [
                491,
                9
              ],
              [
                14,
                483
              ]
            ]
          },